"Subject","Age","Sex","Group"
"MNI_0103","","","Control"
"MNI_0104","","","Control"
"MNI_0105","","","Control"
"MNI_0106","","","Control"
"MNI_0107","","","Control"
"MNI_0108","","","Control"
"MNI_0109","","","Control"
"MNI_0110","","","Control"
"MNI_0111","","","Control"
"MNI_0112","","","Control"
"MNI_0120","","","Control"
"MNI_0123","","","Control"
"MNI_0124","","","Control"
"MNI_0127","","","Control"
"MNI_0128","","","Control"
"MNI_0131","","","Control"
"MNI_0133","","","Control"
"MNI_0134","","","Control"
"MNI_0135","","","Control"
"MNI_0138","","","Control"
"MNI_0139","","","Control"
"MNI_0140","","","Control"
"MNI_0143","","","Control"
"MNI_0144","","","Control"
"MNI_0146","","","Control"
"MNI_0148","","","Control"
"MNI_0150","","","Control"
"MNI_0151","","","Control"
"MNI_0152","","","Control"
"MNI_0153","","","Control"
"MNI_0155","","","Control"
"MNI_0156","","","Control"
"MNI_0202","","","Control"
"MNI_0204","","","Control"
"MNI_0206","","","Control"
"MNI_0207","","","Control"
"MNI_0208","","","Control"
"MNI_0212","","","Control"
"MNI_0213","","","Control"
"MNI_0215","","","Control"
"MNI_0216","","","Control"
"MNI_0218","","","Control"
"MNI_0219","","","Control"
"MNI_0221","","","Control"
"MNI_0223","","","Control"
"MNI_0225","","","Control"
"MNI_0226","","","Control"
"MNI_0227","","","Control"
"MNI_0228","","","Control"
"MNI_0229","","","Control"
"MNI_0230","","","Control"
"MNI_0233","","","Control"
"MNI_0234","","","Control"
"MNI_0239","","","Control"
"MNI_0241","","","Control"
"MNI_0244","","","Control"
"MNI_0249","","","Control"
"MNI_0253","","","Control"
"MNI_0256","","","Control"
"MNI_0257","","","Control"
"MNI_0260","","","Control"
"MNI_0301","","","Control"
"MNI_0302","","","Control"
"MNI_0303","","","Control"
"MNI_0304","","","Control"
"MNI_0305","","","Control"
"MNI_0308","","","Control"
"MNI_0309","","","Control"
"MNI_0310","","","Control"
"MNI_0311","","","Control"
"MNI_0313","","","Control"
"MNI_0314","","","Control"
"MNI_0315","","","Control"
"MNI_0316","","","Control"
"MNI_0318","","","Control"
"MNI_0319","","","Control"
"MNI_0320","","","Control"
"MNI_0321","","","Control"
"MNI_0322","","","Control"
"MNI_0324","","","Control"
"MNI_0326","","","Control"
"MNI_0329","","","Control"
"MNI_0330","","","Control"
"MNI_0331","","","Control"
"MNI_0332","","","Control"
"MNI_0335","","","Control"
"MNI_0337","","","Control"
"MNI_0343","","","Control"
"MNI_0344","","","Control"
"MNI_0348","","","Control"
"MNI_0349","","","Control"
